[{"name": "Squat", "group": "Gambe", "video": "https://www.youtube.com/watch?v=aclHkVaku9U"}, {"name": "Panca Piana", "group": "Petto", "video": "https://www.youtube.com/watch?v=vthMCtgVtFw"}, {"name": "Deadlift", "group": "Schiena", "video": "https://www.youtube.com/watch?v=ytGaGIn3SjE"}, {"name": "Affondi", "group": "Gambe", "video": "https://www.youtube.com/watch?v=QW4d6nL48H4"}, {"name": "Trazioni alla sbarra", "group": "Dorso", "video": "https://www.youtube.com/watch?v=pGZ_l_A9G6A"}, {"name": "Lat machine", "group": "Dorso", "video": "https://www.youtube.com/watch?v=Ca8nxf6Ga4A"}, {"name": "Curl bicipiti", "group": "Braccia", "video": "https://www.youtube.com/watch?v=sAq_ocpRh_I"}, {"name": "Estensioni tricipiti", "group": "Braccia", "video": "https://www.youtube.com/watch?v=5QdEWb-h-Yg"}, {"name": "Military press", "group": "Spalle", "video": "https://www.youtube.com/watch?v=qEwKCR5JCog"}, {"name": "Dip", "group": "Tricipiti", "video": "https://www.youtube.com/watch?v=32evX-C0b2k"}]